{"model_dir": "./trained_models/first_basic_TC_model_ctx_multi_sensory_delay_relu_seed_1", "trials": [0], "times": [0.8050520420074463], "cost_contextdelaydm1": [0.90000931173563], "creg_contextdelaydm1": [0.0], "perf_contextdelaydm1": [0.009765625], "cost_multidelaydm": [0.819792702794075], "creg_multidelaydm": [0.0], "perf_multidelaydm": [0.013671875], "cost_contextdelaydm2": [0.9262833036482334], "creg_contextdelaydm2": [0.0], "perf_contextdelaydm2": [0.013671875], "perf_avg": [0.012369791666666666], "perf_min": [0.009765625]}